Username;Имя
;
;
@volgehu;))))
;.
@annsjdje;.
@ser69nik;29-23
@alexxxcw;40732
@tn_dok;ALTER EGO
@artecurci;ARTEMY
@Vova2432;Activny Vova
@Alex3021;Aleks
@AMWQR;Aleksadr 🌿
@GreeMM;Alekse¡
@jackson2042;Alex
@surik99;Alex
@Ts_Alex;Alex
;Alex
@Kazarka_Alex_Storm;Alex
@akval;Alex
@Asd00712;Alex
@vizit2021;Alex
@Mystery570;Alex
@Alex_moscow1988;Alex
@ParaMedPAR;Alex
@alexa_1661;Alexa
@KrugloffAlexander;Alexander
@Aleks35l;Anatoli
;Anatoliy
@Aries_le;Andy
@farando;Anton
@ares0255;Ares
@ArseeniyAktt;Arseniy
@masartem;Artem
@arturmegan;Artur
@maslevich_LV;Artyom
@Auberto;Auberto
@Biofly;Biofly
@Chrono3923;Chrono
@energo136;Crypto
@Ken6ma;D
@afrosiabb;D. .
@DimMsk;DIM
@DNordmann;DNordMann
@DmY29;DREAM 🇮🇱🇺🇦
@gnysniytip;Dani
@reD2og;Danila Chernyshev
@Silver987;Dargan(Рустам).
@sinon135;Darksiders🇬🇪
@dankasuarez;Dañka
@Dinamiko;Deema
@dinjin;Denis
@i9009v;Denis
@z_diman_e;DiM@N
@Dimchik_Dmitrov_MO;Dmitriy
@volodya712;Donau
@Dopustim_vildan;Dopustim
@drimtimdim;Drimtim
@P2RTD;ES
@Destrwell;Erestyye
@eugenerasputin;Eugenius
@euillfou;Eugène
@White_Mustang90;Evidence
@TotochkaBezToto;FugaBachA
@S1171717;Garun
@googoodguy;GooGoodGuy
@havenstay8;HavenStay
@Stalker82;Helldrummer
@Garriig;I.
@iglokot;Iglokot
@igni13;IgniS
@xoivxo;Ivan
@jaiv32;Ivan
@Ivantihii1;Ivan
@Ivsn0499;Ivsn
@jorrger;Jorge
@Zxd123Vsh;Jupiter
@Dum675;K
@Kentmsk;KENT♂️
@kirrrrr111;KSMAss
@contrargument;Kir
@kir_bulygin;Kir
@KlausKhoffman;Klaus
@MariuS1805;Kon$t@ntiN
@Lehan_Zel;Lehan
@Nu_Kak_Ego_Eto_Samoe;Leonid
@Lestatlegran;Lestat
@lopes1711;Life is beautiful.
@LikeOMG;Like
@Lhjeyl79;Lios
@rust298432;Logist298441
@Maksim_2501;Maksim
@Nikol38;Maksimkin
@Sii_foo;Man 🍀🛑
@Maks_d79;Max
@Abuse_loska;Max
@Megatron_telegram;Mega
@mi_in_spb;Mi
@hivplusmike;Mikhail
@kniaje;Mr. Arrr🤴🏼
@bombr9;Mарк
@Dentata144;Nikita
;Niknik
@OrcusOrca;Niko
@ONBoyzz;ON
@NyashniyYojik;Oleg
@call_me_paull;Paul
@Melkiy_3_3;Pavel
@loo0901;Pavel
@Ydo_I;Pavel
@pashabrend;Pavel Мастер
@Pilik3392;Pilik
@PrinceDaedraAless;Prince Daedra Aless
@Heartless_86;ROMIK♈
@zen160516;Ram
@red_hare;Red Hare
@A202524;Rent
@Rey_nn08;Rey
@riders_10;Rider10
@stepan1971;Roman SPB
@ihaaarr;Roro
@Rusik1007;Ru+
@Rusya_0511;Rus
@Angel198441;Rus.angels
@RusScorpio;RusScorpio
@SSSSYY1104;S
@SeregaKrot;S.Z.
@SEREGARHANGEL;SERGEI
@SergKesh;SK
@miclezh;Sam
@Samirhanov137;Samirhanov
@sarushdakkar;Sarush
@Chipicaocrisp;SavageGarage
@saharok_noch;Saveliy
@Zagorelovboy;Say
@SMbrzspb;Sega
@ser252525;Ser
@kod209;Sergio
@kisenik;Sergio
@Shket36;Shket36
@ghosfck;Sinner
@Skilur30;Skilur
@Svyatoslav173;Slavka
@Slam1010;Slaм
@SomSova;Sova
;Stranger
@Istrelez;Strelez
@Harith_cat;Tar'Kiritian
@teflonik;Teflonik
@TheOscar24;The Oscar💲
@koteusus;Ti J
@samarabear;Tot
@FreshCrabs;UNО
@MAKS_CRAZY;VM Crazy
@Vs19880201;VS
@vadimir2025;Vadimir28
@io78073;Valdis
@VikAnt_28;Vik
@Olegator2904;Vizhen
@Everythinkprint;Vladimir
@ducha6;V😺
@ivanko1304;YU
@yuraNN7;YuraN
@SYuras;Yuras
@Mehanik0602;ZAVKIBEG
@Ya_aYz;Zar YA
@Zhenyokmsk;ZhenyOK
@alex112t;alex
@dpmskru;dp
@igor_11111d;igor_11111d
@je_suis_andrey;je_suis_andrey
@mrCatAstanaldj;mr.CatAstana
@grustnayasukaaa;noname nosurname
@sewlkog1997;sewlkog1997 🇷🇺 🏳️‍🌈
@skullero;skelletik
;¡juilo
@evo777ion;А.
@Alexei_1w;А_L
@AVS0204;АВС143
@apekyn;Алекс
@smegos11;Александр
@FFGuy;Александр
@Sanches147;Александр
@Devided1986;Александр
@remalex74;Александр
@alexandreev_me;Александр
@Sacha72;Александр
@BloodyShadow39;Александр
@Aleksandr_Alex88;Александр
@Aleksandr_Glamyr;Александр Николаевич
@Ametrin24;Александр♊
@bigL812;Алексей
@nabirkinalex;Алексей
@W_o_l_f_one;Алексей
@Anton111579;Алексей
@Luxorius_38;Алексей
@Alex_Alexee;Алексей
@ALEXSEI1102;Алексей Александрович Корякин
@Mark_20_1_50;Анатолий
@Andrei_ES;Андрей
@And05061991;Андрей
@Anjel8904;Андрей
@Fagot_77;Андрей
@kaze_no_koibito;Андрей
@antonZ_12;Антон
@Anton19891989;Антон
;Артем
@BilliMiligaan;Артур
@Tattooel4567;Артур
@Timurrrart;Артём
@ArtemKoss37;Артём
@Zix_Din_Leo;Барон ГринДеВальд Мюнхаузен
;Борис Годунов
;Ваня
@Vaselek1992;Васек
@Yaroh555;Василий
@Vas_ka_66;Василий
@Vik280577;Вик+
@viktorka81;Виктор
@Cerberusinlaw;Виталий
@tasyatram;Виталий
@joy_kazino;Виталий
@A8vstraliec8;Виталий Вэ эН
@qwizzzaa;Витя
@TUgePogd87;Влад
@Vov1984;Владимир
@Vladzimir_gv23;Владимир
@Vovan7822;Вован
@evgenii_klepinin;Гадёныш
@bellum314;Герман
@qw29h;Гоша
@neznakomiwith;Д
@Dumb_master;Данька
@demidrealtor;Демид
@DenisLazarev;Денис Лазарев
@Stavropolanuta;Дима
@dimas_msk85;Димас
@Dimetrius_1;Дмитрий
@DmitriyLestat;Дмитрий
@thinks_better;Дмитрий
@Agent_MEN;Дмитрий
;Дмитрий Александрович
@medvedmen;Дэнчик
@devol14;Евгени
@Eugenmck;Евгений
@Cheroky19;Евгений
@Zhenik_2026;Евгений
@Veter27;Евгений МСК
@Povlushiche;Евгений Марков
@egor090999;Егор
@zhenyaesya;Женя
@pixel2519;Женя
@ibragimovichh;Ибрагимович
@Jonny088;Иван
@IVAN_ROMANOV3857;Иван
@vllvlllvvv;Игорь
@Gimranov2003;Игорь
@IgorekRGL;Игорь (RGL)
@bruh_boychik;Ильдар
@Name29Ilia;Илья
@staytayk;Илья
@T2303009;Илья
@KES_0315;КЕS
@SarozhaTheBest;Капитан Клубничка
@Hghjkjbbnkkn;Каспер
@pltnk_k;Кир
@Groufeed;Кирилл
@Kostya_Kon;Константин
@Constantin01;Константин
@Edinopogz;Костик
@New0r;Креветкин
@Papa_Legba_1;Леонид
@Glibido;Либидо
@kreditin;Лидокаин
@hellcat_001;Лисья Морда🦊
@Krasava490;Лучший из лучших
@Michael19101957;Майкл
@Masik782;Макс
@fromhornet;Макс
@Emaks_art;Максим
@Maksonchik051;Максим
@maxipanda89;Максим
@filadelfia96;Максим
@Mar2005lee;Марк
@Mister_Mim1;Мистер Мим
@MishaRus1;Миха
@cadiev;Не🐋
@owl9595;НиК))
;Ник
@Vdova1234;Николай
@Nikant01;Николай
@nikoly_samson;Николай
@Niko_Moss;Николя 🎭
@DryanOleg;Олег
;Олег
@AAA1976ASDZ;Павел
@maikun92;Павел
@PavArx;Павлик Архитектор
@Kzn_Panda;Панда
@lukinps;Паша
@KaiMeiron;Первый
@timatimatika;Просто
@Rodik_S;Родион
@Li_Pri_RomaSh;Роман
@RomanT1983;Роман
@Pasynkovroman;Роман
@riordanbard;Роман
@roman_of77;Романов
@rusl55555;Руслан Start
@Angel6767670;Рыжий
;Самарский
@AlexusDUB;Саня
@bvvxz45;Саша
@Segaplus;Сега
@Sergey0811;Серëга
@seryozhenka;Сергей
@Skanblk;Сергей
;Сергей
@MUCTEP3OM6U;Сергей
@sd8765;Сергейка
@mstisl11;Серега
@Serega1988kzn;Серёга
@chup2377;Толик
@renhus77;Хренакула
@maximforyou;Человек
@zaarvik;Шурик
@IGOR_ZHDANOV_OFFICIAL;Ы
@SilaVelesa;Эдуард
@ExhaustedSix;Эрвин
@It_is_NOPE;Это я
@chuv0809;Юрий
@Alieva_happy;Юрий Захарченко
@harry_z1984;игÖрь
@ms_haus;неизвестный
@grin4578;сергей
@S3lava;สลาวาไพรวาลูชิน
@dfhvdfhh;ᴊᴏᴋᴇʀ
@Mahar0555;ᴍᴀʜᴏʀᴀɢᴀ
@yjaex;Ἴκαρος
@RomaKhanRiz;•‌● 🆁🅾🅼🅰 🆂 •‌●
@Dimanikfox;₳Ɽ₳₥₭₳ 🐳
@alex_moskovs;☕🪡🧵Alexandr Karpuk🧵🪡☕
@Zigan2616;⚜️ Foxik ⚜️
@rom26_16;⚜️ ROMALE ⚜️
@MosKir79;《V~L~A~D~I~M~I~R》
@Qwe19i8;男生
@Limonchik678;꧁Omega ꧂🦮🐕‍🦺🐕🐩
@jangalex;하나엘
@bysinka_94;＼(^o^)／𝓘 𝓵 𝔂 𝓪＼(^o^)／
@evgenyevsi;𝐸𝑣𝑔𝑒𝑛𝑦
@vova_990;𝓥𝓸𝓿𝓪
@ANRI4499;𝔸ℕ𝔻ℝ𝔼𝕐©
@nikmal_an;𝙽𝙸𝙺𝙼𝙰𝙻
@zzzzeeeeffffs;🃟𝐉𝐨𝐤𝐞𝐫
@Galakticos_Msk;🅶🅰️🅻🅰️🅺🆃🅸🅲🅾️🆂
@Akexxxxxx;🇷🇺 Евгений
@wonderful_angeI;🌙Moonboy
@cheri5060;🍒
@Wolf_Balto;🐾🅱️🅰️🅻🆃🅾️ 🐾
@Nove0111;💞💘
@oraldeepfun;💯🔝
@Data_Rebel;🖤 🥷
@kostik67;😉const
@Romario9608;🦅ᵣₒ𝑚ₐ𝑠ⲏⲕₐ 🦅
@BlackFoX15;🦊🍂Fox
@I_Lorenz;🧭 Игнатий
@Ohuenchik89;🪴🌳💡🤔
